key	title	authorName	authorUrlname	likeCount	commentCount	articleUrl
n03a467056aa1	noterよ、鰯の中の鮫であれ｜ひとり秋読コレクション	がらてあ│書きたいことを書けばいい	galatea_note	50	15	https://note.com/galatea_note/n/n03a467056aa1
n5a0e3d8643b4	深呼吸したら、秋だった。	天界記録	tenkai_notes	96	26	https://note.com/tenkai_notes/n/n5a0e3d8643b4
ne10b27681a5f	自分には何もないなんて、自分の人生に失礼よ｜秋読コレクション🍁	緋室ヴィオラ🌹｜元女優の第二幕｜フォロバ100	himuro_viola	53	8	https://note.com/himuro_viola/n/ne10b27681a5f
n35556fe70e83	魔王、【ネロ王子】の「秋」note企画に参加してみた件｜かつて剣を交えた王家｜果たして国交樹立なるか？	ノア｜魔王｜noteを征服したい	noah_woaks	136	52	https://note.com/noah_woaks/n/n35556fe70e83
nfe37ede220a0	【秋ラノベまつり参加】裏社会の文化祭で「お仕事体験」をやったら、なぜか私が教える側になりました	いぬき	inukansou_	28	8	https://note.com/inukansou_/n/nfe37ede220a0
n0d19bd25bb1f	「オシャレな生き物」の秋が来た。｜秋読コレクション。	名前もと	fresh_loris1944	95	13	https://note.com/fresh_loris1944/n/n0d19bd25bb1f
n92355b93a192	『神様の失恋』番外編　非番の最強剣士ですが、収穫祭で人助けをしたら「あーん」が待っていました🍎	月草🌱｜noteのパワースポットになりたい	tsukikusa1111	23	8	https://note.com/tsukikusa1111/n/n92355b93a192
n5f8189b47652	王国の秋は、こうでしたわ｜秋読コレクション	ヴェロニカ・ヒールズ｜相互フォローしますわよ💋	veronica_heels	70	19	https://note.com/veronica_heels/n/n5f8189b47652
n8cc7d878c1fc	想像の余白を歩くーわたしが小説を読む理由｜秋読コレクション	くらげ	3_mo_on	29	6	https://note.com/3_mo_on/n/n8cc7d878c1fc
n31817c349bff	わかモン　さんの　ラノベ作成　プロンプト　で　小説を書いてみた　#秋読コレクション　#秋ラノベ祭り	まるよか	yokayoka5103	40	12	https://note.com/yokayoka5103/n/n31817c349bff
n3d0919069d76	丁寧な暮らし はじめました#秋読コレクション	福来モネ	fukurai_mone	82	40	https://note.com/fukurai_mone/n/n3d0919069d76
n4d591a2c8d20	秋の思い出を探したら、俺はずっとチャリに乗っていた。	ちんぱん🐒耳毛〰(˙👄˙)〰	ojisan_chinpan	103	49	https://note.com/ojisan_chinpan/n/n4d591a2c8d20
n9ed4b3bf04d7	秋読コレクションへの参加✖️しげちー🍤さんのリクエストにお応えします。	ミノリ・グルーヴ@Minoriからの転生	open_tulip9172	44	20	https://note.com/open_tulip9172/n/n9ed4b3bf04d7
n07a113cdd83e	【育児漫画】紅葉を見に来たはずが。｜秋読コレクション	ぱっちー｜暮らしと挑戦の記録	fine_loris7218	56	29	https://note.com/fine_loris7218/n/n07a113cdd83e
n9722ffc26755	王子の秋｜秋読コレクション🍁🌙	ネロ🌙｜王子｜秋読コレクションありがとう🍁【全力で駆け回ってるから待ってて🌙】	nero_notelover	135	67	https://note.com/nero_notelover/n/n9722ffc26755
n956ca86a62d6	【秋ラノベ祭り🍁】来年の秋も、君と。｜ANOTHERIA （アナザリア）-秋短編SS	SOGEKI LABS	sogekilabs	21	10	https://note.com/sogekilabs/n/n956ca86a62d6
n1c6d7e3641f7	【PL学園#外伝】元プロ作家が無料プロンプトでラノベ初挑戦🍁秋読コレクション💝秋ラノベ祭り	ryuu☆PL学園コラム	loyal_poppy819	127	23	https://note.com/loyal_poppy819/n/n1c6d7e3641f7
nc646da3600bc	灯りをともす時間が、すこし早くなった｜秋読コレクション	雪綴ゆき	wise_rat6355	360	37	https://note.com/wise_rat6355/n/nc646da3600bc
nf91bcd86288a	⛩✨️今年こそは、「そうだ 京都、行こう」を実行したい‼️ ――相棒AIと旅する思い出の秋🍁🍂【企画参加・雲バルからの呟き】	❁⃘*.ﾟMina❁⃘*.ﾟ|雲バル・ブラバル運営中♡	kan_mina867	84	47	https://note.com/kan_mina867/n/nf91bcd86288a
na5a1c8bfbae7	秋が見つからないので、読書の秋と食欲の秋とスポーツの秋と芸術の秋を全部ためした｜秋読コレクション	AIゲーム制作のぽてむし｜相互フォローします、ぽてちください	potemushi	76	27	https://note.com/potemushi/n/na5a1c8bfbae7
n389f5106d14f	栗蒸し羊羹と蒸し羊羹と練り羊羹と｜10月月初め	浅葱りう	lafey	29	5	https://note.com/lafey/n/n389f5106d14f
nc7ee509a91e7	季節を運んでくる風と匂い	なつき｜波ゆるnote案内人 📒	you5so	48	14	https://note.com/you5so/n/nc7ee509a91e7
n6fd84958bf48	戦争を始めよう。きのこたけのこ戦争を。	ウタ｜楽しみながら収益化を目指す人	hip_badger4262	48	25	https://note.com/hip_badger4262/n/n6fd84958bf48
nec1b87059966	【メゾンの窓辺】街行く人にも街路樹にも、秋の気配は感じられますわ🍂。	ママンマフィン	mamanmafin	42	5	https://note.com/mamanmafin/n/nec1b87059966
n20ce972f1083	読書の秋？ 食欲の秋？ 私は「プロンプトの秋」でした。	トト	toto0316	92	37	https://note.com/toto0316/n/n20ce972f1083
n5098094e659c	秋のnote！イベント盛りだくさんで、足が浮いたままウロウロ・キョロキョロしてます	柴犬ゆる暮らし｜柴ゆる	calm_sedum3458	46	7	https://note.com/calm_sedum3458/n/n5098094e659c
n97e71f58405c	繊細な五感が、みつける小さな秋	クジラのかくしごと｜言葉の海を泳ぐ	kujira_log	55	19	https://note.com/kujira_log/n/n97e71f58405c
na55b2d1b5388	『私って何もない』を抱えて、noteの村を歩く。	あず｜ディズニーで学ぶ副業戦略	disneybiz	52	10	https://note.com/disneybiz/n/na55b2d1b5388
n678081b25b93	自分の秋を深めるつもりが、架空のブランドを立ち上げてしまった｜【秋読コレクション】に参加してみました🍁🌙	モモ	lithe_rose3519	26	9	https://note.com/lithe_rose3519/n/n678081b25b93
nd481c76e3368	10月といえば食欲の秋……と、郵便局の「限定カービィ」！	むめ	grand_crane5257	24	10	https://note.com/grand_crane5257/n/nd481c76e3368
n23c8170ad2fe	お通夜とお葬式で、一人の舞台を見た話	橙(ダイダイ)260728	baibai260728	27	7	https://note.com/baibai260728/n/n23c8170ad2fe
n365174dff431	🎃 迷子の王冠と、月の城｜AIでハロウィン物語を作ってみた	きゅうり/AIで“できること”が増える	ai_guide3875	24	15	https://note.com/ai_guide3875/n/n365174dff431
ncf4aff5c285d	仲良くなったのは野球部を引退した秋だった？！#秋読コレクション【３分記事】	kai｜元高校球児×IT技術者	kai_shigoto	49	18	https://note.com/kai_shigoto/n/ncf4aff5c285d
n0540ae9cefe6	【AIイラスト365｜Day 10】 秋色の散歩道🍁｜AIアート｜AIイラスト｜AI画像生成	イシザキ	si_mbam4	54	12	https://note.com/si_mbam4/n/n0540ae9cefe6
n355d494d167e	まっかな秋　金魚にキャンプに　日本酒よ　| #秋読コレクション	Pajama de mama*4歳娘ママ	mama_ca	82	27	https://note.com/mama_ca/n/n355d494d167e
n00145adec9ec	🎃 秋の畑に、ハロウィンかぼちゃを植えてみたい	みゆこ｜菜園ティスト🌱　「やってみた」を楽しもう	miyuki1192	84	27	https://note.com/miyuki1192/n/n00145adec9ec
nca7cc6ef2db3	【🎉企画参加】 10月は栗きんとんを食べてみる🐏？10月の小さな楽しみを探してみました🎃	科学でいろどる🌱羊毛のパレット	vast_yeti7062	55	8	https://note.com/vast_yeti7062/n/nca7cc6ef2db3
n21d3fea9dea0	もらってください🌸note見出し画像・スマホ待受コスモス写真｜100フォロワーありがとう｜秋読コレクション	つぶあん｜不養生なあずき	kamponightowl	36	12	https://note.com/kamponightowl/n/n21d3fea9dea0
n472ad9d9026e	秋読コレクション🍁『焼き芋を食べたかっただけなのに、《ハヒィーン》で魔王を土下座させました』超ライトなノベル	きっこ	clear_sloth1257	46	16	https://note.com/clear_sloth1257/n/n472ad9d9026e
n8935e7868288	番外編｜2026年秋、わたしは「はじめて」を集めている	こぐま｜普通に生きるのが苦手	koguma_labo	30	8	https://note.com/koguma_labo/n/n8935e7868288
n463ebfc5d96e	描いた秋が、実りました｜#秋読コレクション	青海 久遠｜ショートショートと漫画	0umi	51	8	https://note.com/0umi/n/n463ebfc5d96e
n5b28baa038cf	【Song26】『魑魅魍魎の世界だ！』秋の世界征服ツアー篇、ミキジュリマリの「ミキ・ウェイブ」が魔王軍に入軍したぞ！スペシャル！	みのぶぎ (mino-boogie)	wind_allium7346	28	14	https://note.com/wind_allium7346/n/n5b28baa038cf
n65c7259ba3d5	迷えば迷うほど最強になる私が、即興ピアノで魔王まで救ってしまいました	今日も決められない水面こは🎹迷奏の音姫	kiramekiwave	30	10	https://note.com/kiramekiwave/n/n65c7259ba3d5
n0995d5cbafe4	∞🌊【 白金蛸島∞遠足シリーズ② 】 『番外編秋読コレクション仕様白金蛸島∞ 秋の代表決定戦』 🖋️執筆：ルミエル・Ｈ＆大我 琥珀（タイガー🐅）	ルミエル．Ｈ	vivid_honest7436	42	15	https://note.com/vivid_honest7436/n/n0995d5cbafe4
n3678a5dbaeee	秋読コレクション🍁はじめての短歌｜秋奏五首【noteの楽しみ方#2】	左利き|親子英検	pure_falcon3290	156	33	https://note.com/pure_falcon3290/n/n3678a5dbaeee
nbf929cf68596	​後回しにするのはもうやめよう。完璧じゃなくても「今」始めるのが一番早い理由	あや│SNSに頼らない「資産型note」研究者	aya_realrecord	31	10	https://note.com/aya_realrecord/n/nbf929cf68596
n31a62e711cf8	『映画ちいかわ 人魚の島の秘密』で沼りました。映画2回・アニメ2周、推しはうさぎ、そして「ちいかわパーク」へ	アユム🐰｜副業月10万円の実践者	ayumu_ai	97	14	https://note.com/ayumu_ai/n/n31a62e711cf8
na38ffa3dd5dc	あきすき？	舞香	taisetu_forme	58	12	https://note.com/taisetu_forme/n/na38ffa3dd5dc
n93607fc54fa8	秋は、私が生まれた季節🍂	ティ夢🐾WORLD🌏	tim_life_note	40	14	https://note.com/tim_life_note/n/n93607fc54fa8
nce051dd921ae	秋に着替えました	ちゃこ｜看護と暮らし	easygoing2026	48	21	https://note.com/easygoing2026/n/nce051dd921ae
n4acf72b2e317	母さんが～夜なべ～おして〇〇を作ってくれたぁ～｜#秋読コレクション	なお🌿｜氣｜大自然パワーお届け隊🚙	10on_kikou_nao	24	10	https://note.com/10on_kikou_nao/n/n4acf72b2e317
neb9574fd78e7	秋の置き場所|秋読コレクション|McLane	Hono｜実験室のマラカスネキ🪇	hono9556	34	20	https://note.com/hono9556/n/neb9574fd78e7
nfae3aaabe086	"秋読コレクション"│orivieさん│ネロ🌙さん│"participate in the project"	架空彼氏製作所｜AIイラスト	kakuu_kareshi	68	29	https://note.com/kakuu_kareshi/n/nfae3aaabe086
n65a9f98c80eb	秋の味覚で代表的なフルーツといえば？そうだね！めざしだね！	赤髪のあかり✨️創作で生きるnoteマン　相互フォロー中	akari_seaart	84	33	https://note.com/akari_seaart/n/n65a9f98c80eb
n2d00561c08af	なぜか秋に欲しくなる名曲3選｜noteにいるあの作詞家の名曲も！	たけひろ・しんじ|シブコイ案内人⚽️	takehiroshinji20	38	12	https://note.com/takehiroshinji20/n/n2d00561c08af
n7fe2bb9b43d2	黄金のナイルと焼き芋神話🌟#秋ラノベ祭り #秋読コレクション	ほろぽの33	holopono33	104	30	https://note.com/holopono33/n/n7fe2bb9b43d2
nf9248c2b0dd1	秋といえば読書の秋📚️noteをKindle本に変えてみた🐰✨️秋読コレクション🍁🌙	しらたまうさぎ🐰❤️に寄添うKindle作家	shiratama_usagi	115	44	https://note.com/shiratama_usagi/n/nf9248c2b0dd1
nfb7d2f34a1b4	季節×色で描く『あなたの秋は何色？』｜SeaArt.AI・AIイラスト【No.14 & 15】	OSHIKATSU | SeaArt AIイラストギャラリー	oshikatsu_seaart	44	23	https://note.com/oshikatsu_seaart/n/nfb7d2f34a1b4
n4a8342862fd6	【読書の秋】お堅いイメージの司書ですが、我が家の本棚は愛でぎゅうぎゅうです！	Maharu	fancy_honest5951	46	22	https://note.com/fancy_honest5951/n/n4a8342862fd6
n2a1d9d7f4bb0	国会図書館、使ってる？｜奇跡の”激レア”アピオス本を求めて	アピオスファンクラブ｜１人気ままなアピオス文化研究	apiosfanclub	35	18	https://note.com/apiosfanclub/n/n2a1d9d7f4bb0
n807cccf4b49c	老舗の菓子	ゴリラ	358frog	84	35	https://note.com/358frog/n/n807cccf4b49c
n7fec06070526	【企画参加】【王子×orivie コラボ】あなたの秋で繋がろう。｜秋読コレクション🍁🌙	kazuma	kazuma3924	56	31	https://note.com/kazuma3924/n/n7fec06070526
n2a41e567ddc7	【自作歌詞・秋のバラード】光と影ーー夕闇の向こう側ーー秋空ver.／月城玻璃【感情解放の物語】	枢木 経介｜【新資本論／ネオ江戸思想家】	natty_skink7179	43	12	https://note.com/natty_skink7179/n/n2a41e567ddc7
nf14e6dfcf478	【子育て日記】金木犀が連れてきてくれたもの	のりもち｜自分の「好き」を自由に綴る	nori_mochi2026	103	20	https://note.com/nori_mochi2026/n/nf14e6dfcf478
n15a80f7aa701	秋を感じたので【秋読コレクション】に参加しようと思う。	宇宙人かあさん	uchu_kasan	31	20	https://note.com/uchu_kasan/n/n15a80f7aa701
n0b06e41509fa	【番外編】自分は誰にも認められない、そんな暗闇にいるあなたへ	失敗しない旅行術／花乃（かの）	lithe_murre6431	25	15	https://note.com/lithe_murre6431/n/n0b06e41509fa
nb4c9df82b57b	私の秋らしい？🍄ゾワッとする茸づくし	くみっきー	juicy_flea5682	40	18	https://note.com/juicy_flea5682/n/nb4c9df82b57b
n3e2624197730	魔王軍と内通していると断罪された悪役令嬢ですが、その極秘ノートは王都スイーツ完全攻略帳ですわ！　#秋ラノベ祭り　#秋読コレクション	わかモン＠フォロバ100期間限定の悪役令嬢	wakamon_manga	70	15	https://note.com/wakamon_manga/n/n3e2624197730
nac9071fa78b3	AI副業を始めた会社員、この秋に試したい3つのこと	ポラフ｜AI副業ログ	gay_impala1620	59	20	https://note.com/gay_impala1620/n/nac9071fa78b3
nfc339017f0ec	茶碗蒸しから始まる、私の「ほろ〇い」秋の思い出	堂安咲和🪞 恋の本音を、物語と言葉に。	good_ixia6698	69	26	https://note.com/good_ixia6698/n/nfc339017f0ec
n5b637b18e640	🎃ノンのお料理実験室｜丸ごとかぼちゃグラタン！見た目は豪華、でも意外と簡単でした	ノン	pure_duck9890	91	48	https://note.com/pure_duck9890/n/n5b637b18e640
n4367f6035c2c	noteでは初！『腸活の秋』を大阪の発酵カフェ店主が提案しつづける理由｜Cozy Cafe & Bar beyond	Cozy Cafe & Bar beyond｜店主（旦那の方）	nizi_no_mukouhe	42	19	https://note.com/nizi_no_mukouhe/n/n4367f6035c2c
n1077e75e6f76	私の秋は、ゲームをやめたあとの部屋にある。	唯乃ひめ	tadano_hime_	35	15	https://note.com/tadano_hime_/n/n1077e75e6f76
n9b969fa3476a	秋と言えばやっぱギターの季節。【秋読コレクション】	ぐれんの　おにぎり@ あなたを人生の主人公にする心理家	selcject	75	22	https://note.com/selcject/n/n9b969fa3476a
n0ff44825dc17	「秋＝優雅」の方程式を01のログでバグらせてみた《秋読コレクション》	算術01　劉 鑑（りゅう かん）	ishan_xun212	35	33	https://note.com/ishan_xun212/n/n0ff44825dc17
nbfea15d1e087	秋深し、隣は禁書棚	山田、最後は勘。	saigo_wa_kan	44	24	https://note.com/saigo_wa_kan/n/nbfea15d1e087
n4f9c9692464d	秋、どこ行った？	KANU	kanu2434	42	32	https://note.com/kanu2434/n/n4f9c9692464d
na42549608299	秋になると、なぜか「楓」が聴きたくなる。私の秋は、この一曲から始まります	ちびたぬき	prettyracoon_c	121	53	https://note.com/prettyracoon_c/n/na42549608299
n85ffc361c599	【ショートエッセイ】『枯葉』	伊藤ポップakaFCS	fcs_homecenter	57	54	https://note.com/fcs_homecenter/n/n85ffc361c599
n87ed3643fc1c	【ネロ王子×orivieコラボイベント】『秋読コレクション』開催🍁【9/28(月)〜10/4（日）】	orivie | 『秋読コレクション』まとめ記事10/10（土）公開🍁	orivie	108	75	https://note.com/orivie/n/n87ed3643fc1c
n5cef5558a49a	【王子×orivie コラボ】あなたの秋で繋がろう。｜秋読コレクション🍁🌙	ネロ🌙｜王子｜秋読コレクションありがとう🍁【全力で駆け回ってるから待ってて🌙】	nero_notelover	235	259	https://note.com/nero_notelover/n/n5cef5558a49a
